lr,style,dis_num
0.0001,0,1
0.0001,0,2
0.0001,0,3
0.00005,0,1
0.00005,0,2
0.00005,0,3
0.00001,0,1
0.00001,0,2
0.00001,0,3
0.0001,1,1
0.0001,1,2
0.0001,1,3
0.00005,1,1
0.00005,1,2
0.00005,1,3
0.00001,1,1
0.00001,1,2
0.00001,1,3